ID_CLIENTE,SEGMENTO_INDUSTRIAL,PORTE,ESTADO,REGIAO
1661240395903230676,Serviços,Pequeno,MA,Nordeste
8274986328479596038,Comércio,Médio,TO,Norte
345447888460137901,Serviços,Pequeno,BA,Nordeste
1003144834589372198,Serviços,Pequeno,SC,Sul
324916756972236008,Serviços,Grande,CE,Nordeste
4679462479444735708,Indústria,Grande,SP,Sudeste
1276604410881911401,Indústria,Pequeno,MG,Sudeste
8123515208041701633,Serviços,Pequeno,RJ,Sudeste
4530631557358349711,Serviços,Pequeno,PE,Nordeste
3668905663669864663,Comércio,Grande,PR,Sul
7041489327620930099,Serviços,Grande,MG,Sudeste
3118152790263512426,Serviços,Médio,RJ,Sudeste
1366416810235233769,Comércio,Grande,SP,Sudeste
4395946187332973749,Serviços,Médio,SP,Sudeste
1299146298565441811,Serviços,Médio,RJ,Sudeste
4052557282157719526,Comércio,Médio,SP,Sudeste
6795467882769787169,Serviços,Pequeno,RS,Sul
2550506309527280168,Comércio,Médio,SP,Sudeste
8724731934863284019,Serviços,Pequeno,CE,Nordeste
314309872114206760,Serviços,Grande,PR,Sul
2250817603281429928,Comércio,Grande,RS,Sul
5301988619224057921,Indústria,Médio,MS,Centro-Oeste
3248432590399829766,Comércio,Médio,SP,Sudeste
4095739077267179172,Comércio,Pequeno,RJ,Sudeste
2092588065958607289,Comércio,Grande,RO,Norte
1078687383992817574,Indústria,Grande,PA,Norte
4717593620120611957,Comércio,Grande,DF,Centro-Oeste
7970976988071755401,Comércio,Grande,AP,Norte
1683619849073499603,Comércio,Grande,SP,Sudeste
8784237149961904,Comércio,Pequeno,RJ,Sudeste
6926309382371178621,Serviços,Grande,SP,Sudeste
5753677550753111444,Serviços,Grande,PR,Sul
4524147234488547993,Comércio,Grande,DF,Centro-Oeste
4347826483121154490,Indústria,Médio,MG,Sudeste
6100972975033180377,Comércio,Grande,PR,Sul
4334472256949955221,Serviços,Grande,SC,Sul
2619109825960703851,Serviços,Grande,SP,Sudeste
2397171153213063761,Indústria,Médio,GO,Centro-Oeste
683445437387317282,Indústria,Grande,MG,Sudeste
192916471960784723,Comércio,Pequeno,RJ,Sudeste
2634859679238614382,Comércio,Grande,RJ,Sudeste
940214356651040716,Indústria,Grande,BA,Nordeste
1192891347324061812,Serviços,Médio,MG,Sudeste
8901696535927078963,Serviços,Grande,BA,Nordeste
3022528659032597047,Serviços,Médio,SP,Sudeste
7810315632865163836,Indústria,Médio,AP,Norte
6964108750473070287,Comércio,Médio,BA,Nordeste
7818340804682162328,Serviços,Médio,RJ,Sudeste
7671566034617837932,Serviços,Grande,MT,Centro-Oeste
3192341047315717823,Serviços,Médio,MG,Sudeste
162896151509189921,Serviços,Médio,AP,Norte
8729164666041467296,Serviços,Médio,BA,Nordeste
2645324649046215594,Serviços,Médio,MG,Sudeste
382095722273502031,Indústria,Pequeno,PE,Nordeste
4795152981525833467,Comércio,Grande,RJ,Sudeste
2025898153078562640,Serviços,Pequeno,MG,Sudeste
2451708306555441014,Comércio,Médio,PR,Sul
4465150716052427320,Comércio,Grande,MG,Sudeste
2088532321693492263,Serviços,Médio,MG,Sudeste
2530707686830644666,Serviços,Grande,SP,Sudeste
459290606780222306,Comércio,Pequeno,PR,Sul
4061297388883391410,Serviços,Grande,SC,Sul
8961924617442201922,Serviços,Médio,RJ,Sudeste
4661684997487171886,Indústria,Grande,ES,Sudeste
1104269683367198574,Serviços,Pequeno,MG,Sudeste
5761480994209806499,Comércio,Grande,MG,Sudeste
4556737702757145073,Serviços,Pequeno,PE,Nordeste
1368430815953333691,Indústria,Grande,PR,Sul
8915958534285799867,Comércio,Grande,AP,Norte
835441927760881602,Comércio,Grande,MT,Centro-Oeste
3218792504195936313,Serviços,Médio,RJ,Sudeste
5477900120643078645,Comércio,Pequeno,PE,Nordeste
3095686599956852697,Comércio,Médio,PR,Sul
8348574220426911086,Comércio,Pequeno,SP,Sudeste
1357573192598249600,Comércio,Médio,SP,Sudeste
5522764880180045081,Indústria,Médio,ES,Sudeste
4043546053926060305,Indústria,Médio,SP,Sudeste
8512214463586144353,Serviços,Pequeno,MG,Sudeste
837142477962609471,Serviços,Médio,PR,Sul
410843023337872279,Comércio,Médio,SP,Sudeste
8646472172649019955,Serviços,Médio,MA,Nordeste
351031887141663937,Indústria,Grande,MT,Centro-Oeste
4414438591613884911,Comércio,Grande,MG,Sudeste
692350198401528327,Comércio,Grande,MA,Nordeste
4569866309119931805,Serviços,Grande,RJ,Sudeste
5999145415800242177,Serviços,Grande,SP,Sudeste
7930925883736021864,Serviços,Grande,PR,Sul
2678966409665050034,Serviços,Médio,RJ,Sudeste
4593070249039532001,Comércio,Pequeno,RS,Sul
7910340581026492945,Comércio,Grande,PI,Nordeste
5503391736465275980,Serviços,Pequeno,TO,Norte
6828316696355015040,Comércio,Pequeno,SP,Sudeste
5854364934896993687,Serviços,Pequeno,PE,Nordeste
959720947754650706,Indústria,Médio,RS,Sul
7485107528960607346,Comércio,Grande,SP,Sudeste
510795635145114083,Comércio,Pequeno,AP,Norte
6784879562354696650,Serviços,Médio,PR,Sul
984915269987074754,Serviços,Grande,SP,Sudeste
499242942549937267,Serviços,Grande,SP,Sudeste
6731795019313479942,Comércio,Grande,PR,Sul
3829967475074118757,Serviços,Grande,BA,Nordeste
252206310123393284,Serviços,Pequeno,RS,Sul
4817816966382229074,Indústria,Médio,SC,Sul
6545052034269841737,Indústria,Médio,GO,Centro-Oeste
107343823625119033,Indústria,Pequeno,RS,Sul
3279078057358159966,Serviços,Pequeno,PR,Sul
5225029212547588718,Comércio,Médio,SP,Sudeste
5371387005775513675,Serviços,Grande,MG,Sudeste
7347715771145302549,Comércio,Médio,RS,Sul
93982185886107798,Comércio,Grande,CE,Nordeste
6969348581033924947,Indústria,Grande,SC,Sul
7367321179169390502,Comércio,Médio,MG,Sudeste
7031913170099381454,Serviços,Médio,BA,Nordeste
7908414709866823255,Indústria,Pequeno,RO,Norte
649279100559994713,Serviços,Médio,GO,Centro-Oeste
5897410907783139228,Comércio,Grande,MG,Sudeste
8229446069655666941,Comércio,Grande,SP,Sudeste
6271697692808086495,Indústria,Médio,SP,Sudeste
8716163053080758848,Indústria,Grande,SC,Sul
3218226066162129945,Indústria,Pequeno,PE,Nordeste
1536087798470875922,Indústria,Pequeno,CE,Nordeste
5860276371789140450,Serviços,Grande,PA,Norte
665505091521986356,Serviços,Médio,SP,Sudeste
851897122328714307,Comércio,Médio,RJ,Sudeste
6759864637454708017,Serviços,Grande,AP,Norte
465309249432033993,Comércio,Grande,RO,Norte
824632039241482307,Serviços,Médio,MA,Nordeste
3480297543931395935,Serviços,Pequeno,SC,Sul
8015571584405428572,Serviços,Médio,PR,Sul
5409960473983330744,Serviços,Médio,CE,Nordeste
4071158585850879204,Indústria,Grande,SP,Sudeste
6985631100944640910,Comércio,Grande,ES,Sudeste
1292049196559782171,Serviços,Médio,MT,Centro-Oeste
4635578010631860111,Comércio,Grande,PR,Sul
238894451665334246,Serviços,Médio,ES,Sudeste
7595945751692012281,Indústria,Médio,RS,Sul
1958660709350677213,Indústria,Médio,GO,Centro-Oeste
1454789421854453615,Serviços,Pequeno,RJ,Sudeste
4614484019183480654,Indústria,Médio,RS,Sul
7541360189313243820,Serviços,Médio,MG,Sudeste
6582676833651678345,Comércio,Médio,SP,Sudeste
4089244710305890246,Comércio,Grande,BA,Nordeste
2012477868296377155,Indústria,Médio,SP,Sudeste
3713742318997880410,Comércio,Pequeno,SP,Sudeste
4008627434689715639,Serviços,Pequeno,SP,Sudeste
4335865859049992260,Serviços,Médio,MG,Sudeste
7816319470107777265,Comércio,Médio,RJ,Sudeste
6238903426443761049,Serviços,Médio,CE,Nordeste
2943087245123311166,Comércio,Pequeno,RO,Norte
5726178124659661019,Indústria,Médio,AP,Norte
7770458886439606839,Serviços,Grande,GO,Centro-Oeste
1343849459953365123,Serviços,Pequeno,SP,Sudeste
5611787644735474299,Serviços,Médio,PR,Sul
5574997762710520717,Serviços,Grande,ES,Sudeste
8409181491723988567,Indústria,Médio,RJ,Sudeste
312543480920432545,Comércio,Pequeno,PR,Sul
1210783884008131648,Serviços,Médio,SP,Sudeste
8828303152301461681,Serviços,Grande,MG,Sudeste
662944582644865942,Comércio,Grande,PE,Nordeste
7289435138601868544,Serviços,Grande,RS,Sul
7325545718770538459,Comércio,Grande,PR,Sul
2658946240987854807,Serviços,Grande,GO,Centro-Oeste
3118683330911759410,Serviços,Pequeno,CE,Nordeste
1036256411320325774,Serviços,Pequeno,RJ,Sudeste
417157680860985231,Comércio,Médio,RS,Sul
8041261093764417881,Comércio,Grande,SP,Sudeste
5591489215787777256,Serviços,Grande,RS,Sul
8398000036517692656,Serviços,Grande,BA,Nordeste
2684293212741157926,Comércio,Pequeno,RS,Sul
234898976850399181,Comércio,Médio,SP,Sudeste
7231408738455755015,Serviços,Médio,SP,Sudeste
4972567100282306577,Serviços,Médio,AL,Nordeste
2508429106201166689,Serviços,Grande,BA,Nordeste
2455576782104041698,Comércio,Grande,BA,Nordeste
361555714683085449,Comércio,Grande,RS,Sul
4791195031160012361,Comércio,Médio,MG,Sudeste
2290083177086946553,Comércio,Pequeno,MG,Sudeste
8195468623809753777,Serviços,Médio,RS,Sul
6941381638534728190,Serviços,Médio,BA,Nordeste
6330043096034525408,Serviços,Pequeno,BA,Nordeste
3355881107559250653,Comércio,Grande,MG,Sudeste
7395696797140470088,Indústria,Pequeno,MG,Sudeste
3275327267689584006,Indústria,Médio,AP,Norte
5799279645678609726,Indústria,Grande,SC,Sul
4571290108043699959,Comércio,Grande,SP,Sudeste
4724876423989598202,Indústria,Médio,MG,Sudeste
2347028805684088098,Comércio,Grande,RS,Sul
7637066986811047950,Indústria,Grande,PE,Nordeste
7167988599372526790,Indústria,Médio,RJ,Sudeste
9206030810342980458,Serviços,Médio,RS,Sul
7963861799566207637,Indústria,Pequeno,RS,Sul
5602023133976834072,Indústria,Grande,PE,Nordeste
3742264304742819339,Comércio,Médio,PI,Nordeste
170089315547146305,Serviços,Grande,SP,Sudeste
8231834408402328152,Serviços,Médio,SP,Sudeste
968199235777440720,Serviços,Médio,MS,Centro-Oeste
4202876623878743806,Serviços,Grande,SP,Sudeste
7457803471605010846,Serviços,Grande,RS,Sul
968400235888951633,Comércio,Pequeno,RS,Sul
7571271990906543121,Serviços,Médio,SP,Sudeste
7177785309735471560,Serviços,Médio,PR,Sul
3472934456083131714,Indústria,Grande,SP,Sudeste
1118514612547157551,Serviços,Pequeno,MT,Centro-Oeste
5888474320320735000,Indústria,Grande,MA,Nordeste
5606267905834401873,Indústria,Médio,RS,Sul
2763141362035716801,Comércio,Pequeno,MG,Sudeste
6617479989097680138,Comércio,Médio,PR,Sul
2382123267535341265,Serviços,Médio,RJ,Sudeste
4935929591787890253,Serviços,Grande,DF,Centro-Oeste
6227190030200106151,Serviços,Médio,BA,Nordeste
3095408468798675621,Serviços,Médio,SP,Sudeste
5271591321704178730,Serviços,Médio,MG,Sudeste
5763886458177210090,Serviços,Grande,BA,Nordeste
5791518044186095039,Serviços,Pequeno,AP,Norte
2677901391425651891,Serviços,Médio,SP,Sudeste
1778014915038250584,Comércio,Pequeno,ES,Sudeste
6198047969028248384,Indústria,Grande,MT,Centro-Oeste
2467590416042313927,Indústria,Pequeno,SP,Sudeste
1616952665234409442,Comércio,Grande,RJ,Sudeste
6950439982480713649,Comércio,Pequeno,MG,Sudeste
5462970244186515758,Comércio,Médio,PR,Sul
5465001651966355821,Indústria,Médio,DF,Centro-Oeste
689004070169545786,Serviços,Grande,BA,Nordeste
5042877476420217533,Serviços,Grande,PR,Sul
2554972344348383830,Serviços,Grande,SC,Sul
6337915293429442229,Comércio,Grande,SP,Sudeste
180672270337706285,Serviços,Pequeno,MG,Sudeste
7590999900861381526,Comércio,Médio,CE,Nordeste
4183921942053157552,Serviços,Médio,ES,Sudeste
6916556752218696485,Serviços,Grande,MG,Sudeste
7182085930008391174,Comércio,Grande,ES,Sudeste
3093415403379897112,Serviços,Médio,SP,Sudeste
6643358471662528195,Serviços,Grande,RS,Sul
1551531256789550891,Serviços,Grande,SP,Sudeste
5303720405946805990,Comércio,Grande,PR,Sul
6817075905797098547,Serviços,Grande,SP,Sudeste
2083323809219952960,Indústria,Médio,SP,Sudeste
4995217181024687397,Serviços,Grande,SP,Sudeste
3386019519917828299,Indústria,Médio,ES,Sudeste
2201150681962815877,Indústria,Grande,PR,Sul
7810985951121711480,Serviços,Médio,MG,Sudeste
5864443060004179363,Serviços,Grande,RS,Sul
2768068015169423097,Serviços,Grande,PR,Sul
8080988579391900405,Comércio,Pequeno,RS,Sul
5369576709077493659,Indústria,Grande,SP,Sudeste
1953058402621337677,Indústria,Pequeno,MT,Centro-Oeste
2951563549197799278,Comércio,Pequeno,SP,Sudeste
8826489829259520138,Comércio,Médio,RS,Sul
5082813456193598086,Comércio,Grande,SP,Sudeste
670573866376512619,Comércio,Médio,SP,Sudeste
8684964138237894839,Indústria,Grande,RJ,Sudeste
5440313607363845188,Serviços,Grande,RS,Sul
274692171162531764,Serviços,Pequeno,SP,Sudeste
761746217261797478,Serviços,Grande,SP,Sudeste
1088521227159442264,Serviços,Pequeno,SC,Sul
792560389712312178,Comércio,Grande,RS,Sul
6030285068945261052,Comércio,Médio,PB,Nordeste
660382477567765256,Indústria,Médio,RS,Sul
6284433051333854194,Comércio,Grande,SP,Sudeste
7696655736121386405,Comércio,Grande,RS,Sul
3285246914299291124,Serviços,Médio,PR,Sul
2119292203323657032,Serviços,Pequeno,SC,Sul
903093877129717133,Serviços,Grande,BA,Nordeste
7664272163315705419,Serviços,Médio,SP,Sudeste
5434353421615275749,Indústria,Grande,RO,Norte
7750874287225529604,Serviços,Pequeno,MG,Sudeste
1998941557906036376,Comércio,Grande,SP,Sudeste
5432443358006556295,Serviços,Médio,SP,Sudeste
3036967290595689189,Indústria,Grande,MG,Sudeste
3137879241768961145,Comércio,Grande,PE,Nordeste
5048392903148444335,Indústria,Grande,PE,Nordeste
6968106554514688300,Comércio,Grande,RJ,Sudeste
7751080728852739823,Comércio,Pequeno,SP,Sudeste
5108407319813072955,Comércio,Grande,BA,Nordeste
4327694790333781288,Serviços,Pequeno,PR,Sul
8505870778358741102,Serviços,Grande,MA,Nordeste
257162352336759783,Serviços,Grande,SP,Sudeste
6532139198609901627,Serviços,Grande,BA,Nordeste
7492389223353246125,Comércio,Grande,PE,Nordeste
1553628056929342565,Comércio,Médio,RN,Nordeste
7720744580848517371,Serviços,Médio,AC,Norte
6927178425683104769,Serviços,Médio,PR,Sul
39547025441582855,Serviços,Pequeno,BA,Nordeste
8643106054593378360,Serviços,Médio,DF,Centro-Oeste
7120090169052575663,Serviços,Grande,PI,Nordeste
963687627963462983,Comércio,Médio,SC,Sul
2335982750277990437,Serviços,Grande,MG,Sudeste
5687511145009775604,Serviços,Médio,MA,Nordeste
4489904752023469353,Indústria,Grande,SP,Sudeste
8939476669690489534,Comércio,Pequeno,MG,Sudeste
8785648114090695180,Serviços,Médio,RJ,Sudeste
5067621068959932809,Serviços,Grande,MG,Sudeste
1272921915900711149,Comércio,Médio,RS,Sul
5503073374822479037,Indústria,Médio,RJ,Sudeste
7920896580423665241,Serviços,Médio,RJ,Sudeste
8874257794774679816,Comércio,Médio,SC,Sul
2761181567313020223,Indústria,Médio,SP,Sudeste
3698481516392183789,Indústria,Médio,PR,Sul
3760177249735580557,Comércio,Grande,TO,Norte
8400764778654490278,Comércio,Médio,PR,Sul
7895753719321668294,Serviços,Grande,BA,Nordeste
8897340779547593728,Indústria,Grande,DF,Centro-Oeste
3025708129948185495,Comércio,Pequeno,SP,Sudeste
1115703227712697214,Comércio,Médio,AL,Nordeste
5176940320835464459,Comércio,Grande,SC,Sul
3156852928909455203,Serviços,Médio,MA,Nordeste
3977861004707764824,Serviços,Grande,PR,Sul
1951407691087813358,Comércio,Grande,SP,Sudeste
8245393384938410770,Indústria,Médio,RS,Sul
5338466578956451922,Indústria,Grande,RN,Nordeste
187117706370645370,Serviços,Médio,MT,Centro-Oeste
3228830386980584958,Comércio,Pequeno,RS,Sul
5988277776808227480,Comércio,Grande,SP,Sudeste
8305404138704642088,Indústria,Grande,GO,Centro-Oeste
1052398277967427422,Serviços,Grande,BA,Nordeste
1235244772550233980,Comércio,Grande,BA,Nordeste
2466177460692220853,Serviços,Médio,PR,Sul
7108899417216809461,Indústria,Pequeno,AP,Norte
3634047863995720708,Serviços,Grande,SP,Sudeste
3382624494518753363,Indústria,Médio,PE,Nordeste
6134696632487351445,Indústria,Médio,RJ,Sudeste
7436628409157313756,Indústria,Pequeno,PR,Sul
5341957521413340599,Comércio,Grande,SC,Sul
7779268298304613772,Indústria,Grande,SP,Sudeste
2493305884832539159,Comércio,Pequeno,BA,Nordeste
4850722092974676955,Serviços,Pequeno,PE,Nordeste
6031976689490342098,Comércio,Médio,GO,Centro-Oeste
66220087398241662,Comércio,Médio,SP,Sudeste
49632905576538927,Comércio,Grande,PR,Sul
682352428813668634,Indústria,Médio,MG,Sudeste
5856610998569876318,Indústria,Médio,RJ,Sudeste
1343530446996409207,Serviços,Grande,SP,Sudeste
3660744270380078352,Indústria,Pequeno,MT,Centro-Oeste
2735662700719640627,Serviços,Médio,CE,Nordeste
1000372849175668062,Indústria,Grande,SP,Sudeste
1069093308328204542,Serviços,Grande,RS,Sul
5540361570968095722,Comércio,Médio,SP,Sudeste
5810778736737569699,Comércio,Pequeno,MG,Sudeste
6521201759558790083,Serviços,Médio,MG,Sudeste
7451017400765373278,Comércio,Pequeno,MG,Sudeste
9052787288251876909,Serviços,Grande,RS,Sul
3807130563335796378,Indústria,Pequeno,BA,Nordeste
4102750661040919723,Indústria,Grande,PR,Sul
6448580780254847411,Indústria,Médio,SC,Sul
121658372387044248,Comércio,Grande,RJ,Sudeste
3898162407838983449,Serviços,Médio,RS,Sul
8596605705893456305,Comércio,Grande,GO,Centro-Oeste
8111050199502844765,Serviços,Médio,AL,Nordeste
511305041047444825,Serviços,Grande,SE,Nordeste
7665801401860589626,Serviços,Pequeno,MA,Nordeste
2128970218770090704,Comércio,Grande,GO,Centro-Oeste
5547032541615425352,Serviços,Grande,CE,Nordeste
1637960623843047520,Comércio,Médio,RJ,Sudeste
8215958479134054873,Comércio,Médio,RS,Sul
86110062990790869,Indústria,Grande,BA,Nordeste
3704808902628008971,Serviços,Médio,RS,Sul
5613825020130267729,Serviços,Médio,PR,Sul
8529899700094903171,Comércio,Grande,MG,Sudeste
1308019675417057675,Comércio,Pequeno,DF,Centro-Oeste
5460280878923715699,Comércio,Médio,SC,Sul
8270671464659850683,Indústria,Médio,RS,Sul
8662923640484889291,Comércio,Grande,PI,Nordeste
6987942592445950913,Serviços,Médio,RJ,Sudeste
3238269558731666664,Comércio,Médio,BA,Nordeste
7085295800541340563,Indústria,Médio,SP,Sudeste
7930644815080409701,Comércio,Médio,PI,Nordeste
4831939798545673038,Comércio,Grande,SC,Sul
8313765100460016738,Comércio,Grande,SP,Sudeste
2022367282554149730,Comércio,Médio,GO,Centro-Oeste
1195244642827484543,Comércio,Grande,MG,Sudeste
8350724667410677464,Serviços,Grande,CE,Nordeste
6486277549325701534,Serviços,Médio,SP,Sudeste
2785178201607654410,Indústria,Pequeno,SP,Sudeste
4919908458022265747,Serviços,Grande,SP,Sudeste
9205015186723569289,Comércio,Pequeno,SC,Sul
7722287846688771887,Serviços,Grande,SP,Sudeste
1874361799315286610,Indústria,Médio,SC,Sul
8287608084245946173,Comércio,Médio,RS,Sul
8213533889694327948,Comércio,Médio,PA,Norte
3045840317107313913,Indústria,Grande,SP,Sudeste
2214132103234633622,Indústria,Médio,MG,Sudeste
7949169060790541229,Serviços,Pequeno,SC,Sul
7621083433504010869,Serviços,Grande,PR,Sul
5794903898038236832,Serviços,Médio,RJ,Sudeste
6020593949794792044,Indústria,Pequeno,RS,Sul
4045739494965095560,Indústria,Médio,PR,Sul
6122719618012473549,Indústria,Médio,BA,Nordeste
7787306805605072964,Serviços,Pequeno,AP,Norte
8503092146854371576,Comércio,Pequeno,PB,Nordeste
3204108603682323936,Serviços,Médio,MG,Sudeste
4588313530969303734,Comércio,Pequeno,MG,Sudeste
5786895437851445408,Comércio,Grande,SC,Sul
5122095358293179297,Indústria,Médio,SP,Sudeste
2900002014851776114,Serviços,Grande,RS,Sul
3591324331706630867,Comércio,Médio,SC,Sul
1044568737046072781,Indústria,Pequeno,RO,Norte
4749976982519957792,Indústria,Médio,SP,Sudeste
5732713959930509093,Indústria,Grande,RS,Sul
5511113649464808344,Serviços,Médio,BA,Nordeste
1613152204777372951,Comércio,Médio,CE,Nordeste
696014079855281037,Serviços,Médio,SP,Sudeste
9089528044547831569,Comércio,Grande,PR,Sul
5880041582322293710,Comércio,Grande,SC,Sul
2773493808492482979,Comércio,Pequeno,PR,Sul
4740535838297269949,Comércio,Médio,PI,Nordeste
8106044482585783481,Serviços,Grande,RJ,Sudeste
5577659616907513811,Serviços,Médio,AP,Norte
8570963260597299378,Indústria,Grande,RS,Sul
1559814738862939390,Indústria,Médio,MT,Centro-Oeste
175003104385133396,Serviços,Pequeno,SC,Sul
4785355632922927313,Comércio,Médio,RJ,Sudeste
6217788509719675691,Comércio,Médio,MG,Sudeste
5136739522477907100,Indústria,Médio,BA,Nordeste
3382609338395832683,Comércio,Grande,CE,Nordeste
6012031176108922616,Indústria,Pequeno,RJ,Sudeste
6276792736652545216,Indústria,Médio,MG,Sudeste
8535586342375301953,Comércio,Médio,MG,Sudeste
8715120689636420963,Indústria,Grande,RS,Sul
8480109508191086169,Indústria,Pequeno,BA,Nordeste
6456490958004500912,Serviços,Médio,MG,Sudeste
1698828605814171242,Serviços,Grande,RJ,Sudeste
5263285038415073073,Serviços,Médio,AP,Norte
2606594191222500726,Serviços,Médio,MG,Sudeste
8248484932270772248,Serviços,Grande,BA,Nordeste
4758362594913729429,Comércio,Médio,SP,Sudeste
6858769421191999702,Serviços,Grande,SP,Sudeste
2860472732401119424,Indústria,Grande,RJ,Sudeste
7215093571368368138,Serviços,Grande,MG,Sudeste
4942577693958917591,Comércio,Grande,PR,Sul
8332840690177201182,Serviços,Médio,AP,Norte
2819054834565698513,Serviços,Pequeno,TO,Norte
3161361581909316305,Indústria,Pequeno,PR,Sul
8405044237103061926,Comércio,Grande,SP,Sudeste
4444330375740387073,Indústria,Grande,AP,Norte
4820852183212661131,Comércio,Grande,SC,Sul
6547707428090179960,Indústria,Médio,MA,Nordeste
8292458529987016717,Serviços,Médio,BA,Nordeste
4831988987853936627,Serviços,Médio,MG,Sudeste
3724562776372632620,Serviços,Médio,BA,Nordeste
9127318190908282126,Serviços,Pequeno,SP,Sudeste
9184785003280841216,Comércio,Médio,CE,Nordeste
1117184216453911295,Comércio,Grande,SE,Nordeste
6091519986999196884,Comércio,Médio,ES,Sudeste
9086764557051796364,Indústria,Médio,GO,Centro-Oeste
4714214581184951490,Serviços,Médio,MG,Sudeste
2535803443850893368,Comércio,Médio,RJ,Sudeste
7141263195360679278,Comércio,Médio,RS,Sul
7986579715832156923,Comércio,Pequeno,PR,Sul
2407532237672094312,Indústria,Médio,MS,Centro-Oeste
1533755281771668509,Indústria,Pequeno,BA,Nordeste
8623308321032624474,Comércio,Grande,RJ,Sudeste
7442192566700924647,Serviços,Médio,PR,Sul
652740132671309295,Indústria,Médio,RS,Sul
7992317448197179816,Serviços,Médio,SP,Sudeste
4079447215339975026,Indústria,Grande,RS,Sul
2369364892942408355,Comércio,Médio,DF,Centro-Oeste
6325701146112164499,Comércio,Grande,SP,Sudeste
6204723742351094322,Serviços,Grande,RS,Sul
1192810733461560329,Comércio,Médio,RS,Sul
9038299527164672091,Comércio,Médio,MT,Centro-Oeste
9098842671739010918,Comércio,Médio,TO,Norte
2532435113844289043,Serviços,Médio,RJ,Sudeste
1741049493106216406,Comércio,Médio,DF,Centro-Oeste
1492506290963489177,Serviços,Grande,MG,Sudeste
8889055492416898333,Comércio,Grande,ES,Sudeste
7444686668183702737,Indústria,Grande,PR,Sul
3027683745465216663,Comércio,Grande,SP,Sudeste
3281818438120834833,Serviços,Médio,PB,Nordeste
5752688018135006198,Indústria,Grande,RJ,Sudeste
798425422240919854,Serviços,Grande,BA,Nordeste
4995679129936981612,Comércio,Grande,AP,Norte
1182975716201409626,Serviços,Grande,PR,Sul
5274777191770957761,Comércio,Grande,SP,Sudeste
5487870288449327165,Comércio,Médio,AP,Norte
6098833389547425063,Comércio,Grande,RJ,Sudeste
7848910047105468475,Comércio,Grande,SP,Sudeste
5166128847048245697,Comércio,Pequeno,PB,Nordeste
4532469127306079736,Indústria,Grande,RJ,Sudeste
7870373680211625064,Comércio,Médio,AP,Norte
3832944730982767714,Comércio,Médio,RJ,Sudeste
5255460548789019114,Serviços,Pequeno,RS,Sul
8382418367191468432,Indústria,Médio,RS,Sul
780065359501679358,Indústria,Pequeno,AP,Norte
5893903674205161232,Comércio,Médio,TO,Norte
2408009918678280470,Comércio,Grande,AP,Norte
524026009392362402,Serviços,Médio,PE,Nordeste
5635781225931111684,Comércio,Médio,SP,Sudeste
6681781879793693802,Indústria,Médio,PI,Nordeste
8255085612985072878,Comércio,Grande,RS,Sul
717981637594591016,Serviços,Médio,SP,Sudeste
3195023578711095555,Serviços,Grande,MG,Sudeste
6349142675790687765,Serviços,Pequeno,BA,Nordeste
8548612698724688238,Serviços,Grande,RJ,Sudeste
2020646654269061959,Comércio,Médio,AC,Norte
8909740532547211288,Serviços,Médio,AC,Norte
7330131219998265639,Indústria,Médio,BA,Nordeste
8196449005061156808,Serviços,Pequeno,MA,Nordeste
8522044805243541048,Serviços,Médio,RJ,Sudeste
4704345573576551103,Indústria,Médio,BA,Nordeste
1266005398529207853,Serviços,Médio,PR,Sul
7613717984547031729,Indústria,Médio,RJ,Sudeste
8779038337925278543,Serviços,Pequeno,RS,Sul
1748142500108801439,Serviços,Médio,BA,Nordeste
2805743565496207618,Indústria,Grande,RJ,Sudeste
3306590223632993094,Indústria,Médio,SP,Sudeste
1088268935649917461,Serviços,Pequeno,AP,Norte
2032592272238235730,Indústria,Médio,MG,Sudeste
8083157716178259762,Indústria,Médio,RS,Sul
1610763516326092136,Serviços,Médio,GO,Centro-Oeste
5692263270628375692,Indústria,Médio,SC,Sul
3135499551958202113,Serviços,Grande,MG,Sudeste
7176848230239877915,Comércio,Médio,SC,Sul
8198518259946944874,Serviços,Médio,DF,Centro-Oeste
1156082905751962591,Serviços,Pequeno,MG,Sudeste
6633838062940819075,Serviços,Grande,RS,Sul
2179772649873197365,Serviços,Médio,MG,Sudeste
7686361238195690925,Serviços,Pequeno,SC,Sul
1977574645216036803,Indústria,Médio,RJ,Sudeste
4566920105008626302,Serviços,Pequeno,SP,Sudeste
5029701292539093910,Comércio,Grande,ES,Sudeste
8843432852270832388,Comércio,Médio,RJ,Sudeste
5047610560952554261,Comércio,Pequeno,SC,Sul
3997247264680905799,Comércio,Médio,PE,Nordeste
4342146186255136598,Serviços,Pequeno,RS,Sul
7707459425750676368,Serviços,Médio,CE,Nordeste
1423952977138155129,Indústria,Pequeno,SP,Sudeste
3258345688897172820,Comércio,Pequeno,RS,Sul
6368582840625614207,Serviços,Grande,PR,Sul
6581944844073678685,Comércio,Grande,SC,Sul
9108733472015251498,Comércio,Médio,RS,Sul
4317696664583463091,Comércio,Grande,MT,Centro-Oeste
1617695035450525647,Comércio,Grande,RS,Sul
5358243820364010940,Serviços,Grande,RS,Sul
6754039979151386401,Indústria,Médio,BA,Nordeste
4495170040746508204,Comércio,Médio,RJ,Sudeste
8013668117699219722,Comércio,Grande,ES,Sudeste
7403979270048469991,Indústria,Grande,PR,Sul
2033394215069562776,Comércio,Médio,ES,Sudeste
4769364850030443969,Indústria,Médio,RJ,Sudeste
7710364735942975505,Serviços,Pequeno,MG,Sudeste
3838562409581494430,Serviços,Pequeno,SP,Sudeste
1007951122586612702,Comércio,Pequeno,MG,Sudeste
943965556104738606,Comércio,Médio,SP,Sudeste
8854680481766219396,Indústria,Grande,PE,Nordeste
1507697130807703164,Serviços,Grande,SP,Sudeste
3461222267175472398,Indústria,Médio,SP,Sudeste
4527499691197377217,Comércio,Médio,BA,Nordeste
2380458252615213706,Serviços,Médio,SP,Sudeste
1253437108265925705,Serviços,Pequeno,PR,Sul
8895896724713458749,Serviços,Médio,PR,Sul
5538710567548269440,Serviços,Pequeno,PR,Sul
8926565682509268383,Serviços,Médio,GO,Centro-Oeste
4284129442855564250,Serviços,Pequeno,PE,Nordeste
5931905128207886847,Comércio,Grande,BA,Nordeste
4512887927067894301,Comércio,Grande,PR,Sul
3915426102465954493,Indústria,Médio,SP,Sudeste
3605652314611460806,Serviços,Grande,RS,Sul
369512959135194353,Serviços,Pequeno,GO,Centro-Oeste
687161638293676970,Serviços,Grande,RJ,Sudeste
7535160686416710323,Serviços,Grande,AP,Norte
7399534253365121062,Comércio,Pequeno,RS,Sul
4993499380140734678,Serviços,Pequeno,MG,Sudeste
7398738404146260251,Comércio,Médio,RS,Sul
3970610368027129821,Comércio,Grande,MG,Sudeste
4130617254899676131,Serviços,Grande,RJ,Sudeste
4858887739802767402,Comércio,Grande,RJ,Sudeste
8511588642284189303,Comércio,Médio,DF,Centro-Oeste
7471183491728700531,Serviços,Pequeno,PE,Nordeste
7070921952745705273,Serviços,Médio,CE,Nordeste
7719481195372677540,Indústria,Médio,SP,Sudeste
5918810537171565818,Serviços,Médio,DF,Centro-Oeste
8252215766413781202,Comércio,Médio,RS,Sul
8437257970907722008,Indústria,Grande,MG,Sudeste
1002362614649347438,Comércio,Médio,GO,Centro-Oeste
1071717046795982412,Indústria,Grande,SP,Sudeste
5726884001073147293,Comércio,Grande,BA,Nordeste
4023893292051953692,Indústria,Médio,CE,Nordeste
5974858472822751652,Indústria,Pequeno,SP,Sudeste
5271966906483787417,Serviços,Grande,SP,Sudeste
1696462947583294958,Serviços,Pequeno,RJ,Sudeste
411246418132008456,Comércio,Pequeno,SP,Sudeste
1708019696828098378,Serviços,Grande,PI,Nordeste
8662805825682258354,Comércio,Grande,MG,Sudeste
5528372913947954503,Serviços,Pequeno,PA,Norte
8733525963966339207,Indústria,Médio,BA,Nordeste
2808145376905474927,Serviços,Médio,PI,Nordeste
6186737197674630993,Serviços,Grande,CE,Nordeste
6164364689409425900,Indústria,Médio,RS,Sul
1579681122696922043,Comércio,Médio,ES,Sudeste
3281617395243454427,Comércio,Grande,RJ,Sudeste
6457349126437565385,Serviços,Médio,PR,Sul
6338963608593807081,Serviços,Grande,SP,Sudeste
4228782541013845761,Indústria,Médio,SP,Sudeste
1414132620714431952,Serviços,Grande,AC,Norte
5091704914816802802,Comércio,Grande,BA,Nordeste
1718188804678631487,Serviços,Pequeno,ES,Sudeste
1310335287370721834,Serviços,Grande,MT,Centro-Oeste
2762573180349093009,Indústria,Médio,GO,Centro-Oeste
1334091158016312155,Serviços,Grande,PR,Sul
1997130697107291654,Comércio,Grande,AP,Norte
7462607259426026440,Comércio,Médio,RS,Sul
7009617206603058827,Serviços,Grande,MT,Centro-Oeste
3571198145319411787,Comércio,Médio,SP,Sudeste
4224328186225861313,Comércio,Grande,RJ,Sudeste
2322847438374159400,Comércio,Pequeno,SP,Sudeste
710593997981520423,Comércio,Pequeno,CE,Nordeste
7743291297670529504,Comércio,Pequeno,ES,Sudeste
5958664040344043635,Serviços,Grande,SC,Sul
6658545687004133787,Serviços,Médio,CE,Nordeste
7776069961364493674,Serviços,Grande,PB,Nordeste
8194803952487492960,Comércio,Médio,MT,Centro-Oeste
665854826624598350,Serviços,Médio,SP,Sudeste
1477629972594346481,Comércio,Médio,RO,Norte
3931892303497206092,Comércio,Grande,RO,Norte
4355447622071493835,Serviços,Grande,RJ,Sudeste
8895160610329228780,Comércio,Grande,RJ,Sudeste
226405871752897670,Serviços,Grande,RS,Sul
7189116056401183589,Serviços,Médio,PE,Nordeste
3384356870037163810,Serviços,Médio,SP,Sudeste
407849532812377755,Serviços,Médio,AL,Nordeste
3738709098002486952,Serviços,Grande,RJ,Sudeste
7076661330300123587,Serviços,Médio,SC,Sul
2208316821038817776,Comércio,Grande,MG,Sudeste
6360697608774060650,Serviços,Médio,SC,Sul
6327126166744640429,Serviços,Médio,BA,Nordeste
1396078312562623766,Serviços,Médio,PE,Nordeste
3538481420098344176,Serviços,Grande,DF,Centro-Oeste
2973474340148068982,Indústria,Médio,MA,Nordeste
8084468342180142818,Serviços,Pequeno,PR,Sul
8090979772607373437,Indústria,Grande,RJ,Sudeste
6802042794837915720,Comércio,Médio,GO,Centro-Oeste
8510653215962746781,Serviços,Grande,RS,Sul
7742577779352014568,Serviços,Médio,AC,Norte
351358693430833867,Serviços,Médio,SP,Sudeste
5058298901476893676,Serviços,Médio,RS,Sul
3449916817695565675,Comércio,Médio,SP,Sudeste
8967780934636007142,Comércio,Médio,MT,Centro-Oeste
3629889536335411116,Comércio,Médio,SP,Sudeste
4863405965754103821,Serviços,Pequeno,CE,Nordeste
3631603567749349715,Comércio,Grande,RS,Sul
1711114950158155307,Serviços,Grande,RJ,Sudeste
4442205629227031623,Comércio,Médio,BA,Nordeste
1097345589386012260,Comércio,Médio,SP,Sudeste
3690886209682028027,Serviços,Grande,RS,Sul
2852602164375541688,Comércio,Grande,RS,Sul
4365965554261111250,Comércio,Médio,TO,Norte
2379038595596744457,Comércio,Grande,MG,Sudeste
744649452655516193,Comércio,Médio,DF,Centro-Oeste
5517114603826429870,Indústria,Grande,PR,Sul
1110185420292414796,Serviços,Grande,MA,Nordeste
2233850024349336054,Serviços,Médio,ES,Sudeste
6089029916190588614,Serviços,Grande,PI,Nordeste
2218664010734431754,Indústria,Médio,PB,Nordeste
5758033363847724111,Indústria,Médio,PR,Sul
7974433795310408854,Serviços,Médio,MG,Sudeste
460993244124061972,Comércio,Grande,MS,Centro-Oeste
2598475569074240783,Comércio,Grande,SC,Sul
8536031856585966123,Comércio,Médio,MG,Sudeste
2771214050521171719,Serviços,Médio,RS,Sul
8244965109768845797,Comércio,Médio,SC,Sul
7913893451349440000,Indústria,Médio,AP,Norte
7646606457278894341,Indústria,Pequeno,PR,Sul
6085815944092871635,Serviços,Grande,GO,Centro-Oeste
8107542605807471599,Serviços,Médio,RJ,Sudeste
7501763663852779083,Indústria,Pequeno,PI,Nordeste
3592461881055047578,Indústria,Grande,SP,Sudeste
4591193860232697465,Comércio,Médio,ES,Sudeste
5091815447165974815,Serviços,Pequeno,DF,Centro-Oeste
5795100045494475994,Comércio,Grande,MG,Sudeste
7986658810701126728,Serviços,Pequeno,MT,Centro-Oeste
5875663709136533612,Serviços,Grande,PR,Sul
4956614249204803652,Serviços,Médio,AL,Nordeste
6815351437572393426,Serviços,Médio,MG,Sudeste
7626832470282570499,Serviços,Grande,ES,Sudeste
9161263096062288704,Serviços,Médio,RS,Sul
1119752495905732753,Indústria,Médio,GO,Centro-Oeste
3647763328551943822,Serviços,Grande,PE,Nordeste
8991419601067014006,Comércio,Grande,SP,Sudeste
6878219806053740921,Serviços,Pequeno,SC,Sul
209314261782935157,Serviços,Grande,MG,Sudeste
1891145854263312840,Serviços,Pequeno,SC,Sul
2903869860445366876,Comércio,Médio,PR,Sul
1054275403532840653,Indústria,Pequeno,SP,Sudeste
8500889177765218320,Indústria,Médio,PE,Nordeste
5735794880899687600,Comércio,Médio,PR,Sul
18719614953021044,Comércio,Grande,BA,Nordeste
7405858498198031046,Indústria,Pequeno,PE,Nordeste
7229721428946324455,Serviços,Grande,PR,Sul
492136427845699874,Serviços,Grande,RS,Sul
6213213514675778388,Comércio,Pequeno,MG,Sudeste
4508520363171713861,Serviços,Pequeno,MG,Sudeste
621182491555347581,Indústria,Pequeno,MG,Sudeste
8924045760456827557,Comércio,Grande,MG,Sudeste
5767156338992526776,Serviços,Grande,PR,Sul
7971169314678400658,Indústria,Médio,RS,Sul
5786614417091653950,Indústria,Grande,RN,Nordeste
9036329217885149501,Comércio,Médio,SP,Sudeste
6055129522348042687,Serviços,Médio,SP,Sudeste
8594897944068249710,Serviços,Médio,GO,Centro-Oeste
1463054873047394970,Serviços,Grande,PR,Sul
7468724002190465812,Serviços,Pequeno,PR,Sul
5386962298800892593,Indústria,Médio,PR,Sul
2191990606593345695,Indústria,Médio,SP,Sudeste
1450216906825650643,Serviços,Grande,PR,Sul
3618862169777063942,Serviços,Médio,SC,Sul
2003221759676247813,Comércio,Pequeno,SC,Sul
8185063234515056194,Serviços,Médio,DF,Centro-Oeste
2300515430178950292,Comércio,Pequeno,ES,Sudeste
295375823203017296,Serviços,Pequeno,SP,Sudeste
4626249002057685539,Comércio,Grande,ES,Sudeste
1687017009357941608,Serviços,Grande,AC,Norte
4537982850248578883,Serviços,Médio,MG,Sudeste
2687720147676132707,Comércio,Grande,RS,Sul
6546850858912852316,Serviços,Grande,AP,Norte
5078307295214858596,Serviços,Pequeno,BA,Nordeste
5198904647759787695,Indústria,Médio,ES,Sudeste
1033361676287635885,Indústria,Médio,RS,Sul
3474419084491017271,Comércio,Pequeno,BA,Nordeste
8173830874846355280,Serviços,Grande,MG,Sudeste
2556046726800414568,Serviços,Grande,PR,Sul
6594970822995540982,Serviços,Médio,TO,Norte
6056959220685085102,Serviços,Pequeno,BA,Nordeste
5010695957153856148,Indústria,Grande,RO,Norte
8106460788895393927,Serviços,Grande,TO,Norte
8487807876567995441,Serviços,Médio,RJ,Sudeste
7719877724419004325,Indústria,Médio,SP,Sudeste
3632378524835692731,Indústria,Grande,RS,Sul
1430896989654626045,Comércio,Grande,PE,Nordeste
7503582542949284252,Comércio,Médio,MA,Nordeste
8271604276097280304,Comércio,Médio,MG,Sudeste
86436955037443683,Serviços,Pequeno,RJ,Sudeste
5383359512938607117,Comércio,Médio,GO,Centro-Oeste
7204322229254419755,Serviços,Médio,PR,Sul
6598561842700412652,Comércio,Grande,SP,Sudeste
8911073840712901131,Comércio,Médio,RJ,Sudeste
6535074478489939949,Indústria,Pequeno,MT,Centro-Oeste
8774171337110190597,Indústria,Médio,SC,Sul
6574147480097265454,Serviços,Médio,CE,Nordeste
5287265869592025756,Comércio,Pequeno,MG,Sudeste
6367769402148499693,Indústria,Médio,ES,Sudeste
6686011791459443533,Indústria,Grande,SP,Sudeste
6669879342590884634,Serviços,Grande,BA,Nordeste
879621668242949113,Indústria,Médio,RO,Norte
8609938720215175911,Indústria,Médio,MG,Sudeste
2108598473865910131,Indústria,Médio,SP,Sudeste
2006188298374001315,Comércio,Grande,AP,Norte
3447213159487287154,Indústria,Grande,SP,Sudeste
2209806355660046187,Serviços,Pequeno,BA,Nordeste
1462395707491634845,Comércio,Médio,SC,Sul
6632750819478927641,Indústria,Grande,SP,Sudeste
6535356415509860671,Comércio,Grande,MT,Centro-Oeste
1179133757491860792,Serviços,Médio,MT,Centro-Oeste
6789516822626221575,Comércio,Grande,RJ,Sudeste
4915404990154267899,Serviços,Médio,PI,Nordeste
1929055606777178697,Comércio,Grande,TO,Norte
3592639146446725280,Indústria,Grande,MT,Centro-Oeste
3950448152833572077,Comércio,Grande,PR,Sul
5481711897502154955,Serviços,Médio,RJ,Sudeste
6636325081217917184,Comércio,Grande,SC,Sul
1153069952490761717,Comércio,Grande,CE,Nordeste
1963239178085807816,Comércio,Grande,MA,Nordeste
6693885248277625807,Comércio,Grande,MG,Sudeste
5689766561863956319,Serviços,Médio,PI,Nordeste
2278650548373578523,Indústria,Grande,SP,Sudeste
7246466789138290692,Indústria,Médio,TO,Norte
4675067298171588603,Comércio,Grande,RJ,Sudeste
7884973711049495555,Serviços,Grande,MT,Centro-Oeste
1152891199251773092,Comércio,Médio,GO,Centro-Oeste
7268895973869107930,Serviços,Grande,GO,Centro-Oeste
186296161813079768,Comércio,Médio,BA,Nordeste
339550163159506478,Indústria,Médio,RS,Sul
8576047157867370630,Serviços,Pequeno,RJ,Sudeste
4235751964155364215,Indústria,Grande,DF,Centro-Oeste
4741325322140814572,Indústria,Médio,RS,Sul
5790563179715256679,Indústria,Grande,PA,Norte
6309684992153258710,Serviços,Médio,MG,Sudeste
2573553293518763494,Indústria,Pequeno,ES,Sudeste
1543875954928694094,Indústria,Pequeno,PR,Sul
4937566934664053767,Comércio,Médio,GO,Centro-Oeste
7105441534376526569,Serviços,Pequeno,SP,Sudeste
8750804459957303037,Serviços,Grande,PE,Nordeste
5334845483867106835,Serviços,Grande,BA,Nordeste
2302464746243069589,Indústria,Pequeno,ES,Sudeste
4155987877874087356,Indústria,Médio,MG,Sudeste
4508632759077888376,Comércio,Médio,MG,Sudeste
5327139240004330145,Serviços,Grande,DF,Centro-Oeste
8918635099296971351,Serviços,Médio,DF,Centro-Oeste
2260816603683347518,Comércio,Grande,PR,Sul
4537268360654655629,Indústria,Pequeno,PR,Sul
7829456717134984253,Indústria,Médio,RS,Sul
1995032058960709559,Indústria,Médio,MT,Centro-Oeste
4714187554103729432,Indústria,Grande,RJ,Sudeste
8846153146417722343,Indústria,Médio,RN,Nordeste
6242636379248496392,Indústria,Médio,RS,Sul
1378864119919978132,Indústria,Pequeno,MG,Sudeste
3817166896467413658,Indústria,Médio,ES,Sudeste
4762091269593841283,Indústria,Pequeno,CE,Nordeste
7142043104834932013,Serviços,Pequeno,CE,Nordeste
4631736838128525597,Comércio,Grande,ES,Sudeste
8559143756893267192,Serviços,Pequeno,RJ,Sudeste
3970572142453508637,Comércio,Médio,GO,Centro-Oeste
1962421014232423027,Comércio,Médio,MG,Sudeste
5306165689101138983,Serviços,Médio,MG,Sudeste
8859064595603380512,Indústria,Grande,SP,Sudeste
6216982347344525048,Indústria,Pequeno,MA,Nordeste
2778852475840838977,Comércio,Grande,PE,Nordeste
4980232475645447238,Comércio,Pequeno,SC,Sul
2146740087301789516,Serviços,Grande,SP,Sudeste
4874157215501489741,Serviços,Pequeno,SP,Sudeste
873223039957991123,Serviços,Grande,MT,Centro-Oeste
8343941262792249232,Indústria,Grande,MG,Sudeste
7968118679747232249,Comércio,Médio,SC,Sul
3584082418739794187,Comércio,Médio,CE,Nordeste
1777508458351542706,Serviços,Grande,SP,Sudeste
4562495119288161876,Indústria,Grande,ES,Sudeste
1129657311668961746,Indústria,Médio,PE,Nordeste
8989558978299738854,Indústria,Grande,RS,Sul
6999154286942764669,Serviços,Pequeno,AC,Norte
1874387298050692165,Serviços,Grande,PR,Sul
4375157493619487776,Serviços,Pequeno,GO,Centro-Oeste
9156666134024889730,Indústria,Médio,PR,Sul
6143250120040658989,Comércio,Pequeno,PR,Sul
5200455618694210402,Comércio,Pequeno,CE,Nordeste
2346482557594782345,Indústria,Médio,MT,Centro-Oeste
6865071386683133124,Comércio,Grande,BA,Nordeste
1348086280988456892,Serviços,Médio,SP,Sudeste
6118873739225005756,Serviços,Pequeno,BA,Nordeste
2711217152718352107,Indústria,Médio,PE,Nordeste
3364209707397843685,Comércio,Médio,RJ,Sudeste
7138126049219817285,Serviços,Médio,BA,Nordeste
6479505064094841194,Comércio,Pequeno,CE,Nordeste
4430825904532764237,Comércio,Grande,MG,Sudeste
2371917341091102894,Serviços,Médio,BA,Nordeste
5855956854975734380,Comércio,Grande,RJ,Sudeste
7836964432867832146,Serviços,Pequeno,RN,Nordeste
4104959289203999917,Comércio,Grande,SC,Sul
2797247267096799785,Serviços,Grande,SP,Sudeste
3731278848600349375,Comércio,Médio,CE,Nordeste
8745827224909388475,Serviços,Pequeno,MG,Sudeste
1141681690629134039,Serviços,Grande,SP,Sudeste
6411753448421231450,Comércio,Médio,PI,Nordeste
2493688222671282470,Comércio,Grande,PR,Sul
4090195792518021727,Indústria,Grande,PE,Nordeste
8374461419511631785,Comércio,Grande,AP,Norte
6662531979151878793,Comércio,Grande,MG,Sudeste
5883155883105348987,Comércio,Pequeno,BA,Nordeste
8552039412779393821,Indústria,Pequeno,MG,Sudeste
424669430335898076,Comércio,Pequeno,AP,Norte
2307201111381758912,Serviços,Médio,SP,Sudeste
3263212305228307743,Serviços,Médio,SP,Sudeste
8047821974672655407,Serviços,Grande,RS,Sul
4210463673385510745,Serviços,Médio,BA,Nordeste
69766362497027920,Serviços,Médio,AC,Norte
4078490786243765404,Comércio,Grande,SP,Sudeste
8004409125524742779,Serviços,Pequeno,RS,Sul
8748106677402909629,Comércio,Pequeno,RO,Norte
2859982583195166819,Indústria,Médio,MG,Sudeste
8609211777002937758,Comércio,Grande,RS,Sul
6547872039250784411,Comércio,Grande,DF,Centro-Oeste
6832005298160297810,Serviços,Pequeno,MS,Centro-Oeste
3333870869270823799,Comércio,Médio,SP,Sudeste
2035700727032031976,Comércio,Médio,SE,Nordeste
1043585102535564595,Serviços,Grande,SP,Sudeste
608816700571896717,Comércio,Médio,MA,Nordeste
1875708128527882196,Comércio,Pequeno,RS,Sul
1082658943827891572,Comércio,Médio,ES,Sudeste
4723919748432185874,Serviços,Médio,PR,Sul
7061868716439556791,Serviços,Médio,RJ,Sudeste
1864367736036633256,Serviços,Médio,SC,Sul
6373947691253940364,Serviços,Médio,SP,Sudeste
3140918607946425426,Comércio,Médio,BA,Nordeste
3685376304786338340,Comércio,Grande,SC,Sul
6914631631926429447,Indústria,Médio,SP,Sudeste
3511416927745338332,Serviços,Médio,PR,Sul
4862285428951244424,Comércio,Médio,PR,Sul
8512418270673092441,Comércio,Médio,DF,Centro-Oeste
7889351655716537527,Indústria,Médio,MG,Sudeste
1273229638516517354,Indústria,Médio,CE,Nordeste
6871485876456523363,Serviços,Médio,MG,Sudeste
988707525807573448,Indústria,Médio,SC,Sul
8090492548102964782,Serviços,Grande,SP,Sudeste
3543162424793477785,Serviços,Grande,SP,Sudeste
5043004928991692540,Comércio,Médio,SP,Sudeste
8536980239903840341,Comércio,Grande,AP,Norte
4997308257850209705,Indústria,Grande,PR,Sul
3772710147663076183,Comércio,Médio,RJ,Sudeste
4982042089827666585,Serviços,Grande,MT,Centro-Oeste
1732933177229870014,Indústria,Médio,AC,Norte
5304403477328695520,Serviços,Médio,MA,Nordeste
493565965354066585,Comércio,Grande,MT,Centro-Oeste
2978852236996041848,Serviços,Médio,MG,Sudeste
7524505197759784814,Serviços,Grande,PI,Nordeste
1589465774841117651,Serviços,Médio,RJ,Sudeste
521351744568531135,Comércio,Médio,MG,Sudeste
3296374419863077251,Serviços,Grande,PE,Nordeste
985215297182099989,Indústria,Grande,PR,Sul
1922661714134822818,Comércio,Pequeno,MT,Centro-Oeste
1849408830951333776,Comércio,Grande,PR,Sul
924957821424248698,Serviços,Grande,MG,Sudeste
3820213618605354326,Indústria,Grande,MG,Sudeste
2673576168790933175,Comércio,Médio,CE,Nordeste
5694881483989656694,Serviços,Médio,RO,Norte
3888528635045328222,Serviços,Médio,SP,Sudeste
2813869270515910849,Comércio,Médio,MG,Sudeste
8097962811568170308,Serviços,Grande,PE,Nordeste
5101193702106031363,Indústria,Grande,SP,Sudeste
472772897496154354,Comércio,Grande,PR,Sul
3903290047715748290,Indústria,Pequeno,SP,Sudeste
8986916198713650374,Serviços,Médio,PI,Nordeste
3682570285558758138,Serviços,Grande,AP,Norte
550640993893626857,Comércio,Médio,SE,Nordeste
494641254909702757,Serviços,Médio,MT,Centro-Oeste
2529163714741999839,Indústria,Pequeno,PI,Nordeste
6704528044328834201,Indústria,Médio,SP,Sudeste
4487571742607713385,Comércio,Grande,SP,Sudeste
334065431792475495,Serviços,Grande,RS,Sul
7200509200540839533,Indústria,Pequeno,MG,Sudeste
5373371196946859811,Serviços,Grande,MG,Sudeste
255928150711119413,Comércio,Grande,SC,Sul
2973518107081249661,Indústria,Médio,GO,Centro-Oeste
7067471043900250355,Serviços,Grande,SP,Sudeste
1071127366397407520,Indústria,Médio,RS,Sul
2983174282784691273,Indústria,Grande,GO,Centro-Oeste
7640249903888628103,Indústria,Médio,AP,Norte
8376902089871279815,Serviços,Médio,SP,Sudeste
6721448955097663572,Serviços,Pequeno,AL,Nordeste
6471448246085839373,Comércio,Grande,SC,Sul
4395421876733405196,Serviços,Grande,PR,Sul
866011924076225884,Serviços,Médio,PA,Norte
1692423451726508456,Serviços,Grande,MS,Centro-Oeste
113538242419211987,Comércio,Médio,PR,Sul
3540559576342636557,Indústria,Pequeno,RJ,Sudeste
4850936440093751199,Indústria,Grande,RJ,Sudeste
5055200744384119654,Serviços,Pequeno,SP,Sudeste
4649044785270813165,Serviços,Médio,BA,Nordeste
8162017568751362437,Indústria,Médio,MA,Nordeste
8873204832986811115,Serviços,Médio,SC,Sul
1611146298923153842,Comércio,Médio,AP,Norte
43266641219008038,Serviços,Grande,MG,Sudeste
8163895533020293251,Serviços,Médio,PR,Sul
8919892162361650175,Serviços,Grande,DF,Centro-Oeste
5114577082647278423,Comércio,Médio,PE,Nordeste
2459664758252154072,Comércio,Pequeno,MG,Sudeste
4888650984285190697,Comércio,Médio,SP,Sudeste
4351694415353093046,Comércio,Grande,MG,Sudeste
8099657915545873036,Comércio,Médio,RJ,Sudeste
209477776078372134,Serviços,Grande,PR,Sul
8464809590757561185,Serviços,Médio,SP,Sudeste
705648002974742140,Indústria,Médio,MS,Centro-Oeste
3109771318936962520,Indústria,Médio,MA,Nordeste
3697819710996931657,Comércio,Médio,PR,Sul
2333404192508932057,Indústria,Grande,MS,Centro-Oeste
525652670391923872,Indústria,Grande,RS,Sul
8174633018998080168,Serviços,Pequeno,BA,Nordeste
7911162482760986289,Comércio,Grande,SP,Sudeste
6394935036014530592,Comércio,Grande,MG,Sudeste
6885171468891031140,Comércio,Médio,SP,Sudeste
7060969657673447359,Comércio,Médio,PR,Sul
3536704882799524586,Indústria,Médio,SC,Sul
4170463992215954403,Serviços,Médio,PR,Sul
8619312279454356821,Indústria,Grande,MG,Sudeste
5714540197488862003,Indústria,Médio,BA,Nordeste
6810366761249506182,Serviços,Grande,BA,Nordeste
2005542793747273676,Serviços,Grande,AP,Norte
956217406816925982,Serviços,Médio,PR,Sul
8012945665375811304,Indústria,Grande,GO,Centro-Oeste
5162636608292907782,Comércio,Grande,MG,Sudeste
1467843186411742274,Serviços,Médio,DF,Centro-Oeste
1825022747815271956,Indústria,Grande,RJ,Sudeste
3492978633103560560,Indústria,Médio,SC,Sul
9101617110967101591,Indústria,Grande,MG,Sudeste
2929243640075785940,Comércio,Grande,CE,Nordeste
8907133353015280586,Comércio,Grande,ES,Sudeste
3536431875244944563,Serviços,Grande,RS,Sul
5304536516981778801,Indústria,Médio,AC,Norte
4541506527938763361,Serviços,Médio,RS,Sul
5651190097741301133,Serviços,Pequeno,MT,Centro-Oeste
326257359176916767,Indústria,Médio,PB,Nordeste
7790849460101092738,Comércio,Médio,PR,Sul
8646086919778610813,Serviços,Médio,DF,Centro-Oeste
5036870533568879731,Indústria,Médio,MT,Centro-Oeste
5951322986271477998,Serviços,Médio,MG,Sudeste
4187591029730357479,Indústria,Pequeno,MT,Centro-Oeste
2166129906801669318,Indústria,Médio,DF,Centro-Oeste
901119221367843192,Indústria,Grande,PR,Sul
1574054842704135993,Comércio,Pequeno,SP,Sudeste
7712263029835111826,Serviços,Médio,BA,Nordeste
8049805689946244047,Serviços,Médio,PA,Norte
7708030042671632236,Comércio,Grande,RJ,Sudeste
1093053069479288753,Indústria,Pequeno,AP,Norte
7692335720341018458,Indústria,Médio,SP,Sudeste
8060154314331993193,Indústria,Pequeno,SP,Sudeste
4641659186059167709,Serviços,Grande,MG,Sudeste
6081226091774593903,Serviços,Grande,MA,Nordeste
4604807967654337091,Comércio,Pequeno,RS,Sul
1801648099512442340,Serviços,Médio,MG,Sudeste
6765961450216188291,Serviços,Pequeno,PR,Sul
2444743522510084109,Comércio,Grande,DF,Centro-Oeste
7038761645302069945,Comércio,Médio,BA,Nordeste
7529137091657891207,Comércio,Grande,MG,Sudeste
2988042199057874759,Serviços,Médio,MG,Sudeste
4165983075385227812,Comércio,Médio,MG,Sudeste
3408536439470975134,Indústria,Pequeno,RS,Sul
1156053485989336481,Comércio,Pequeno,MG,Sudeste
2446803760137518909,Serviços,Médio,AP,Norte
8385636129786687263,Comércio,Médio,RS,Sul
1329553496073467331,Indústria,Grande,PR,Sul
1594877745775952421,Comércio,Pequeno,MT,Centro-Oeste
8706851346184249504,Serviços,Grande,MG,Sudeste
4137237863152538907,Indústria,Médio,SP,Sudeste
8603678028264007695,Serviços,Médio,BA,Nordeste
8463871205935856285,Serviços,Grande,RS,Sul
7999843484680834128,Serviços,Médio,PE,Nordeste
287529573188507001,Serviços,Médio,SC,Sul
5401282050253009067,Serviços,Médio,CE,Nordeste
3357976326879346012,Indústria,Pequeno,AP,Norte
3387580208304842365,Serviços,Grande,SP,Sudeste
89342157110910412,Serviços,Grande,RJ,Sudeste
1757249986361236700,Indústria,Médio,SP,Sudeste
864510931144626280,Serviços,Médio,AL,Nordeste
1678680306005074426,Serviços,Médio,ES,Sudeste
9142266044170177362,Serviços,Médio,RJ,Sudeste
191536915328669008,Serviços,Médio,SC,Sul
4495596792165551705,Comércio,Grande,SP,Sudeste
1410427447068048908,Comércio,Grande,SP,Sudeste
165658847908185334,Comércio,Pequeno,SP,Sudeste
1735718258017802778,Serviços,Pequeno,SP,Sudeste
5757271354816214865,Comércio,Médio,SC,Sul
353597552829913556,Indústria,Grande,SC,Sul
789708718782735131,Comércio,Grande,RS,Sul
1674864668198542837,Indústria,Médio,PR,Sul
7215053254854713098,Comércio,Grande,CE,Nordeste
5558533999208199371,Comércio,Médio,BA,Nordeste
4660230701075746534,Comércio,Grande,PR,Sul
8004521604421988528,Comércio,Grande,MG,Sudeste
340285351737204923,Indústria,Médio,SP,Sudeste
8612109591546880230,Comércio,Médio,RS,Sul
1675463974205444838,Comércio,Pequeno,SP,Sudeste
201407186688861102,Indústria,Pequeno,SP,Sudeste
2772135008486239291,Comércio,Médio,RJ,Sudeste
4018182555897034052,Serviços,Pequeno,SP,Sudeste
7269781193318890653,Comércio,Médio,MG,Sudeste
3258407002716263546,Serviços,Médio,MA,Nordeste
8418046305741705080,Serviços,Pequeno,PI,Nordeste
6805207507093657474,Serviços,Grande,MT,Centro-Oeste
2106875407768047316,Comércio,Grande,SP,Sudeste
8407417316873478459,Serviços,Pequeno,SC,Sul
622073912578471754,Serviços,Pequeno,AP,Norte
6682793026934039107,Comércio,Pequeno,SP,Sudeste
1827463638348028912,Indústria,Médio,MG,Sudeste
8994944800097997361,Comércio,Grande,SP,Sudeste
1717812527056208209,Serviços,Pequeno,BA,Nordeste
9175443729335908760,Indústria,Médio,SC,Sul
7508699125755580600,Comércio,Grande,PE,Nordeste
7458891296671174680,Comércio,Grande,MS,Centro-Oeste
2041629715337841430,Comércio,Pequeno,RS,Sul
4704892067681576893,Indústria,Médio,PR,Sul
7653720501687957310,Comércio,Médio,RJ,Sudeste
9089047150245738873,Indústria,Médio,CE,Nordeste
6724017568171288443,Indústria,Médio,MG,Sudeste
3822753345985951756,Comércio,Pequeno,RS,Sul
4900073965147412482,Comércio,Grande,PB,Nordeste
6080407793834027692,Indústria,Grande,GO,Centro-Oeste
1106971614386004604,Serviços,Médio,SP,Sudeste
1207306324957395736,Indústria,Médio,RJ,Sudeste
2599553738202677545,Serviços,Grande,SP,Sudeste
5429414161455643517,Serviços,Médio,RS,Sul
3361278050140871809,Comércio,Médio,AL,Nordeste
7944852965555666513,Indústria,Pequeno,AP,Norte
1767360303789815418,Serviços,Médio,ES,Sudeste
6053752047545474051,Indústria,Médio,BA,Nordeste
280557491372818982,Serviços,Pequeno,SP,Sudeste
4762256864594914240,Comércio,Médio,PR,Sul
8564920972266217847,Indústria,Grande,PR,Sul
7566385399893520673,Indústria,Pequeno,DF,Centro-Oeste
3132055906825373580,Serviços,Pequeno,SP,Sudeste
4068666180981979477,Indústria,Grande,MS,Centro-Oeste
1269153452773908541,Comércio,Grande,PR,Sul
486388963980110890,Comércio,Grande,SC,Sul
5220554216423337036,Comércio,Grande,MT,Centro-Oeste
3288665551292018275,Indústria,Pequeno,BA,Nordeste
3520073096970711499,Serviços,Grande,BA,Nordeste
6715993871935527857,Comércio,Grande,RS,Sul
5078284853636449041,Comércio,Grande,MG,Sudeste
15070048310374146,Indústria,Médio,RO,Norte
5993832136957065909,Indústria,Pequeno,SP,Sudeste
2870813069335519467,Comércio,Pequeno,BA,Nordeste
4296149971687628223,Indústria,Pequeno,SC,Sul
5430917218683822543,Comércio,Pequeno,AC,Norte
271068078606473697,Serviços,Pequeno,RJ,Sudeste
8652067663586525909,Serviços,Pequeno,MG,Sudeste
2423803834856770113,Serviços,Grande,MG,Sudeste
6462952350255736003,Comércio,Médio,MG,Sudeste
8046603633355514834,Serviços,Médio,SP,Sudeste
3415156360538677905,Comércio,Pequeno,SP,Sudeste
5477523784812182605,Indústria,Pequeno,CE,Nordeste
4392369075438855735,Serviços,Pequeno,AP,Norte
6842075380768862290,Comércio,Médio,MG,Sudeste
7975582265869884517,Indústria,Grande,PR,Sul
6795171082935774137,Serviços,Médio,RS,Sul
5499433941404698208,Serviços,Médio,SC,Sul
6421017287702264778,Serviços,Grande,SP,Sudeste
6528158819463595826,Serviços,Médio,SC,Sul
3750579377644235511,Indústria,Grande,BA,Nordeste
1378560407772037118,Serviços,Grande,SC,Sul
1059336566956767188,Comércio,Médio,SP,Sudeste
1788369195969129749,Serviços,Médio,SP,Sudeste
5555695998591488407,Serviços,Médio,AC,Norte
7012619440863200776,Indústria,Médio,RS,Sul
2059309318145911751,Comércio,Médio,MG,Sudeste
8182741324402757500,Comércio,Grande,MG,Sudeste
531805620371082364,Serviços,Pequeno,CE,Nordeste
6352592240901579272,Comércio,Grande,SP,Sudeste
1516155138233618514,Comércio,Pequeno,BA,Nordeste
1219954496802643881,Serviços,Grande,SC,Sul
3283662016127058429,Indústria,Médio,MG,Sudeste
7243481239733221490,Comércio,Grande,RS,Sul
6342056159430364821,Comércio,Grande,SC,Sul
7327315935390503674,Comércio,Médio,BA,Nordeste
8680213253228719510,Comércio,Grande,SP,Sudeste
8067924767167570288,Serviços,Pequeno,AP,Norte
5883897347879529463,Serviços,Grande,SC,Sul
4717717003637613480,Serviços,Grande,PE,Nordeste
6145308913889808258,Indústria,Grande,PR,Sul
2308217045093677129,Serviços,Grande,BA,Nordeste
6804531608440296645,Comércio,Médio,BA,Nordeste
4781265535199914934,Indústria,Grande,CE,Nordeste
3391123212703223634,Serviços,Médio,PR,Sul
7754936094607992857,Serviços,Pequeno,PI,Nordeste
7875766506153682421,Serviços,Grande,RS,Sul
2907396925798983079,Comércio,Grande,RS,Sul
7815839878620843192,Serviços,Grande,RJ,Sudeste
3960251564708868781,Serviços,Grande,SP,Sudeste
2044529419038430248,Serviços,Médio,GO,Centro-Oeste
6055278873962623670,Serviços,Pequeno,MG,Sudeste
2367878957559232582,Comércio,Grande,MT,Centro-Oeste
7221446976321358973,Serviços,Grande,MG,Sudeste
3427563561570116931,Comércio,Médio,SP,Sudeste
7828430488099134389,Indústria,Médio,SP,Sudeste
7397206777205091443,Serviços,Grande,PE,Nordeste
3812760626052898456,Serviços,Médio,AC,Norte
3516294920850464913,Comércio,Grande,RJ,Sudeste
9099218788416728596,Indústria,Médio,PE,Nordeste
2780030912070252968,Comércio,Médio,MG,Sudeste
2149247704125573398,Serviços,Médio,AP,Norte
4437531414216775863,Comércio,Médio,RN,Nordeste
2977124904032689291,Serviços,Grande,SP,Sudeste
1044946691507317745,Serviços,Grande,SP,Sudeste
7236776406341522879,Indústria,Grande,PR,Sul
3338087778895249031,Serviços,Pequeno,PR,Sul
8222831719332844924,Serviços,Médio,SP,Sudeste
1945147145527703963,Serviços,Grande,RS,Sul
1712483726555581515,Comércio,Médio,RJ,Sudeste
4432551314797496562,Serviços,Médio,PR,Sul
3421433989501830226,Serviços,Pequeno,RN,Nordeste
904857901361577913,Serviços,Médio,MT,Centro-Oeste
1028630885537616736,Indústria,Pequeno,ES,Sudeste
1399527202590905286,Indústria,Médio,RN,Nordeste
6722781660631652440,Comércio,Pequeno,BA,Nordeste
5162621729453966204,Indústria,Grande,SC,Sul
378019466331075421,Serviços,Pequeno,PI,Nordeste
4828882959520364399,Indústria,Grande,SP,Sudeste
2377020220794016532,Serviços,Pequeno,SP,Sudeste
1557917925035542527,Comércio,Pequeno,TO,Norte
2225507872831546107,Serviços,Médio,RN,Nordeste
345033315379741874,Comércio,Grande,SP,Sudeste
6597470754117210299,Comércio,Grande,GO,Centro-Oeste
5607900901204647807,Serviços,Médio,SP,Sudeste
8503883917639127781,Comércio,Pequeno,SP,Sudeste
6965502620385519361,Indústria,Médio,GO,Centro-Oeste
4141546595629663073,Serviços,Médio,RJ,Sudeste
819552547620904652,Indústria,Pequeno,MG,Sudeste
7692330898726665144,Comércio,Pequeno,DF,Centro-Oeste
7206599058451025691,Comércio,Pequeno,MS,Centro-Oeste
1420529738304793615,Indústria,Pequeno,TO,Norte
6061850657256270336,Serviços,Pequeno,RJ,Sudeste
5220206408301580591,Indústria,Grande,RJ,Sudeste
8736788139020105764,Serviços,Médio,SP,Sudeste
3148228961195376491,Comércio,Médio,MG,Sudeste
2439954154030259398,Indústria,Pequeno,SP,Sudeste
4799794458216343260,Indústria,Médio,RJ,Sudeste
1246864346193559124,Indústria,Médio,PR,Sul
4853303856126909724,Indústria,Médio,RS,Sul
2694466161223698243,Comércio,Pequeno,PE,Nordeste
4166581859919473627,Comércio,Médio,MG,Sudeste
4235078665660987689,Serviços,Grande,PA,Norte
7628167057144760589,Comércio,Pequeno,SP,Sudeste
2814790209436551216,Serviços,Médio,SP,Sudeste
6909701795322574613,Serviços,Médio,RS,Sul
1234611356650812259,Serviços,Pequeno,ES,Sudeste
4121608857053177761,Serviços,Pequeno,PI,Nordeste
5993765508162121762,Serviços,Grande,PI,Nordeste
503021894071666233,Serviços,Grande,RN,Nordeste
3183208564139585182,Comércio,Médio,SC,Sul
1956406515279457110,Serviços,Grande,MG,Sudeste
4662079815415471798,Serviços,Grande,SP,Sudeste
7260748352873493818,Serviços,Médio,RJ,Sudeste
6615694774618628402,Serviços,Médio,SP,Sudeste
8707474618041058293,Comércio,Grande,RJ,Sudeste
4677213860368191144,Indústria,Pequeno,SP,Sudeste
1285245417998627607,Indústria,Grande,BA,Nordeste
8835646476961190471,Indústria,Grande,DF,Centro-Oeste
4050525344257805036,Comércio,Médio,DF,Centro-Oeste
1658487213084590146,Indústria,Grande,SP,Sudeste
6978269497652315763,Indústria,Pequeno,RO,Norte
7478791630746523220,Serviços,Grande,GO,Centro-Oeste
2310272650667756227,Indústria,Grande,ES,Sudeste
2432667449154431819,Comércio,Grande,ES,Sudeste
9060693308980292489,Serviços,Médio,AP,Norte
4898797487317475277,Comércio,Grande,MG,Sudeste
1668564607105585557,Serviços,Médio,PR,Sul
5376084855227654309,Comércio,Médio,RJ,Sudeste
5448628641564935127,Serviços,Grande,PR,Sul
4559400286159883576,Indústria,Médio,PR,Sul
4189705495607963592,Serviços,Pequeno,SP,Sudeste
8829286411654484379,Comércio,Grande,RN,Nordeste
3454481508285917519,Serviços,Pequeno,SP,Sudeste
5057726374207815794,Serviços,Pequeno,PR,Sul
7720458526816091748,Serviços,Médio,MG,Sudeste
4003696935579172837,Serviços,Grande,SP,Sudeste
7742008298942700792,Serviços,Grande,MG,Sudeste
1415340753324392369,Comércio,Médio,RJ,Sudeste
2123312420728961012,Indústria,Grande,PR,Sul
8045116560666679751,Comércio,Médio,MG,Sudeste
2423599281313969582,Serviços,Médio,CE,Nordeste
4986060939759481610,Serviços,Grande,SC,Sul
3156580765759568020,Serviços,Grande,BA,Nordeste
5489089370448387505,Comércio,Médio,SE,Nordeste
644457054514416604,Serviços,Médio,MA,Nordeste
1311488706225587300,Comércio,Pequeno,PR,Sul
4237135112070444140,Serviços,Grande,TO,Norte
4225765667813563302,Comércio,Grande,RS,Sul
8737605759444448951,Indústria,Grande,RS,Sul
3979129042322937623,Serviços,Médio,PI,Nordeste
8698916565946744099,Comércio,Médio,PR,Sul
8079157452200263869,Comércio,Pequeno,SC,Sul
3941676647656952109,Serviços,Médio,MG,Sudeste
6518776090651183119,Serviços,Médio,BA,Nordeste
6826420906256954294,Serviços,Grande,SP,Sudeste
4424973922927242822,Indústria,Médio,MG,Sudeste
5044097686733078536,Serviços,Grande,MT,Centro-Oeste
6915663759082844184,Comércio,Grande,RJ,Sudeste
7387419407817356825,Comércio,Pequeno,RS,Sul
5082455700818638342,Comércio,Médio,SP,Sudeste
3431426889924624821,Serviços,Médio,AC,Norte
5288503299611498087,Comércio,Pequeno,SP,Sudeste
957773253650890560,Comércio,Médio,RJ,Sudeste
6094038865287329652,Serviços,Grande,BA,Nordeste
1592581784061157609,Comércio,Médio,RS,Sul
